workload,variant,structure,n,time_ms,steps,moves,comparisons
W1,-,DynamicArray,100,0,2836,10000,0,0
W1,-,LinkedList,100,0,7774,502068,0,0
W2,-,DynamicArray,100,0,3047,75238,0,75238
W2,-,MyLinkedList,100,1,4405,75238,0,75238
W3,head,DynamicArray,100,3,4960,1000,1201920,0
W3,head,MyLinkedList,100,0,0926,0,2000,0
W3,middle,DynamicArray,100,0,1046,1000,1101920,0
W3,middle,MyLinkedList,100,0,0961,100000,3000,0
W4,-,MinHeap,100,0,1098,2170,1341,1035
W1,-,DynamicArray,1000,0,1667,10000,0,0
W1,-,LinkedList,1000,5,1688,4953268,0,0
W2,-,DynamicArray,1000,0,4801,757638,0,757638
W2,-,MyLinkedList,1000,1,0709,757638,0,757638
W3,head,DynamicArray,1000,0,1861,1000,3001024,0
W3,head,MyLinkedList,1000,0,0477,0,2000,0
W3,middle,DynamicArray,1000,0,1498,1000,2001024,0
W3,middle,MyLinkedList,1000,1,1978,1000000,3000,0
W4,-,MinHeap,1000,0,2007,35452,20213,17226
W1,-,DynamicArray,10000,0,1179,10000,0,0
W1,-,LinkedList,10000,55,8326,49618268,0,0
W2,-,DynamicArray,10000,2,3221,7489792,0,7489792
W2,-,MyLinkedList,10000,10,4546,7489792,0,7489792
W3,head,DynamicArray,10000,0,9213,1000,21000000,0
W3,head,MyLinkedList,10000,0,0426,0,2000,0
W3,middle,DynamicArray,10000,0,4654,1000,11000000,0
W3,middle,MyLinkedList,10000,11,2766,10000000,3000,0
W4,-,MinHeap,10000,1,0015,488658,275475,239329
W1,-,DynamicArray,100000,0,1492,10000,0,0
W1,-,LinkedList,100000,870,9528,493288268,0,0
W2,-,DynamicArray,100000,21,3127,74253877,0,74253877
W2,-,MyLinkedList,100000,152,8538,74253877,0,74253877
W3,head,DynamicArray,100000,10,9804,1000,201000000,0
W3,head,MyLinkedList,100000,0,0289,0,2000,0
W3,middle,DynamicArray,100000,5,4430,1000,101000000,0
W3,middle,MyLinkedList,100000,170,4491,100000000,3000,0
W4,-,MinHeap,100000,9,6750,6218250,3387427,3059125
